{
	"pattrstorage" : 	{
		"name" : "u822001727",
		"slots" : 		{
			"1" : 			{
				"id" : 1,
				"data" : 				{
					"p" : [ 0.0, 0.0, 0.0 ],
					"r" : [ 0.0, 0.0, 0.0, 1.0 ]
				}

			}
,
			"2" : 			{
				"id" : 2,
				"data" : 				{
					"p" : [ -3.820312, -1.273437, -11.663775 ],
					"r" : [ 49.650955, -0.466626, -0.516235, 0.718166 ]
				}

			}
,
			"3" : 			{
				"id" : 3,
				"data" : 				{
					"p" : [ 0.239828, -0.014631, -5.384617 ],
					"r" : [ 157.205826, -0.907719, -0.043419, 0.417327 ]
				}

			}
,
			"4" : 			{
				"id" : 4,
				"data" : 				{
					"p" : [ 6.484086, -1.628793, -10.306099 ],
					"r" : [ 157.205826, -0.907719, -0.043419, 0.417327 ]
				}

			}
,
			"5" : 			{
				"id" : 5,
				"data" : 				{
					"p" : [ 0.030215, -0.028116, 1.826687 ],
					"r" : [ 211.702011, -0.862355, -0.262023, -0.433229 ]
				}

			}

		}

	}

}
